,Id,Name,Year of Release,Genre,IMDB Rating,Metascore,Director,Summary,Stars,Votes,Gross Income
0,1,The Shawshank Redemption,1994,Drama,9.3,80,Frank Darabont,"Two imprisoned men bond over a number of years, finding solace and eventual redemption through acts of common decency.","Tim Robbins,Morgan Freeman,Bob Gunton,William Sadler,","2,123,922",$28.34M
1,2,The Godfather,1972,"Crime, Drama",9.2,100,Francis Ford Coppola,The aging patriarch of an organized crime dynasty transfers control of his clandestine empire to his reluctant son.,"Marlon Brando,Al Pacino,James Caan,Diane Keaton,","1,458,280",$134.97M
2,3,The Dark Knight,2008,"Action, Crime, Drama",9.0,84,Christopher Nolan,"When the menace known as The Joker emerges from his mysterious past, he wreaks havoc and chaos on the people of Gotham. The Dark Knight must accept one of the greatest psychological and physical tests of his ability to fight injustice.","Christian Bale,Heath Ledger,Aaron Eckhart,Michael Caine,","2,089,047",$534.86M
3,4,The Godfather: Part II,1974,"Crime, Drama",9.0,90,Francis Ford Coppola,"The early life and career of Vito Corleone in 1920s New York City is portrayed, while his son, Michael, expands and tightens his grip on the family crime syndicate.","Al Pacino,Robert De Niro,Robert Duvall,Diane Keaton,","1,014,241",$57.30M
4,5,The Lord of the Rings: The Return of the King,2003,"Adventure, Drama, Fantasy",8.9,94,Peter Jackson,Gandalf and Aragorn lead the World of Men against Sauron's army to draw his gaze from Frodo and Sam as they approach Mount Doom with the One Ring.,"Elijah Wood,Viggo Mortensen,Ian McKellen,Orlando Bloom,","1,511,190",$377.85M
5,6,Pulp Fiction,1994,"Crime, Drama",8.9,94,Quentin Tarantino,"The lives of two mob hitmen, a boxer, a gangster and his wife, and a pair of diner bandits intertwine in four tales of violence and redemption.","John Travolta,Uma Thurman,Samuel L. Jackson,Bruce Willis,","1,663,735",$107.93M
6,7,Schindler's List,1993,"Biography, Drama, History",8.9,93,Steven Spielberg,"In German-occupied Poland during World War II, industrialist Oskar Schindler gradually becomes concerned for his Jewish workforce after witnessing their persecution by the Nazis.","Liam Neeson,Ralph Fiennes,Ben Kingsley,Caroline Goodall,","1,102,119",$96.90M
7,8,12 Angry Men,1957,Drama,8.9,96,Sidney Lumet,A jury holdout attempts to prevent a miscarriage of justice by forcing his colleagues to reconsider the evidence.,"Henry Fonda,Lee J. Cobb,Martin Balsam,John Fiedler,","604,886",$4.36M
8,9,Inception,2010,"Action, Adventure, Sci-Fi",8.8,74,Christopher Nolan,A thief who steals corporate secrets through the use of dream-sharing technology is given the inverse task of planting an idea into the mind of a C.E.O.,"Leonardo DiCaprio,Joseph Gordon-Levitt,Ellen Page,Ken Watanabe,","1,862,177",$292.58M
9,10,Fight Club,1999,Drama,8.8,66,David Fincher,"An insomniac office worker and a devil-may-care soapmaker form an underground fight club that evolves into something much, much more.","Brad Pitt,Edward Norton,Meat Loaf,Zach Grenier,","1,697,676",$37.03M
10,11,The Lord of the Rings: The Fellowship of the Ring,2001,"Adventure, Drama, Fantasy",8.8,92,Peter Jackson,A meek Hobbit from the Shire and eight companions set out on a journey to destroy the powerful One Ring and save Middle-earth from the Dark Lord Sauron.,"Elijah Wood,Ian McKellen,Orlando Bloom,Sean Bean,","1,526,757",$315.54M
11,12,Forrest Gump,1994,"Drama, Romance",8.8,82,Robert Zemeckis,"The presidencies of Kennedy and Johnson, the events of Vietnam, Watergate, and other history unfold through the perspective of an Alabama man with an IQ of 75.","Tom Hanks,Robin Wright,Gary Sinise,Sally Field,","1,633,260",$330.25M
12,13,"The Good, the Bad and the Ugly",1966,Western,8.8,90,Sergio Leone,A bounty hunting scam joins two men in an uneasy alliance against a third in a race to find a fortune in gold buried in a remote cemetery.,"Clint Eastwood,Eli Wallach,Lee Van Cleef,Aldo Giuffrè,","630,906",$6.10M
13,14,The Lord of the Rings: The Two Towers,2002,"Adventure, Drama, Fantasy",8.7,87,Peter Jackson,"While Frodo and Sam edge closer to Mordor with the help of the shifty Gollum, the divided fellowship makes a stand against Sauron's new ally, Saruman, and his hordes of Isengard.","Elijah Wood,Ian McKellen,Viggo Mortensen,Orlando Bloom,","1,366,659",$342.55M
14,15,The Matrix,1999,"Action, Sci-Fi",8.7,73,Lana Wachowski,A computer hacker learns from mysterious rebels about the true nature of his reality and his role in the war against its controllers.,"Lilly Wachowski,Keanu Reeves,Laurence Fishburne,Carrie-Anne Moss,Hugo Weaving,","1,527,824",$171.48M
15,16,Goodfellas,1990,"Biography, Crime, Drama",8.7,89,Martin Scorsese,"The story of Henry Hill and his life in the mob, covering his relationship with his wife Karen Hill and his mob partners Jimmy Conway and Tommy DeVito in the Italian-American crime syndicate.","Robert De Niro,Ray Liotta,Joe Pesci,Lorraine Bracco,","917,481",$46.84M
16,17,Star Wars: Episode V - The Empire Strikes Back,1980,"Action, Adventure, Fantasy",8.7,82,Irvin Kershner,"After the Rebels are brutally overpowered by the Empire on the ice planet Hoth, Luke Skywalker begins Jedi training with Yoda, while his friends are pursued by Darth Vader.","Mark Hamill,Harrison Ford,Carrie Fisher,Billy Dee Williams,","1,063,595",$290.48M
17,18,One Flew Over the Cuckoo's Nest,1975,Drama,8.7,83,Milos Forman,A criminal pleads insanity after getting into trouble again and once in the mental institution rebels against the oppressive nurse and rallies up the scared patients.,"Jack Nicholson,Louise Fletcher,Will Sampson,Michael Berryman,","840,702",$112.00M
18,19,Avengers: Endgame,2019,"Action, Adventure, Sci-Fi",8.6,78,Anthony Russo,"After the devastating events of Avengers: Infinity War (2018), the universe is in ruins. With the help of remaining allies, the Avengers assemble once more in order to reverse Thanos' actions and restore balance to the universe.","Joe Russo,Robert Downey Jr.,Chris Evans,Mark Ruffalo,Chris Hemsworth,","523,475",$858.04M
19,20,Interstellar,2014,"Adventure, Drama, Sci-Fi",8.6,74,Christopher Nolan,A team of explorers travel through a wormhole in space in an attempt to ensure humanity's survival.,"Matthew McConaughey,Anne Hathaway,Jessica Chastain,Mackenzie Foy,","1,319,244",$188.02M
20,21,City of God,2002,"Crime, Drama",8.6,79,Fernando Meirelles,"In the slums of Rio, two kids' paths diverge as one struggles to become a photographer and the other a kingpin.","Kátia Lund,Alexandre Rodrigues,Leandro Firmino,Matheus Nachtergaele,Phellipe Haagensen,","651,171",$7.56M
21,22,Spirited Away,2001,"Animation, Adventure, Family",8.6,96,Hayao Miyazaki,"During her family's move to the suburbs, a sullen 10-year-old girl wanders into a world ruled by gods, witches, and spirits, and where humans are changed into beasts.","Kirk Wise,Daveigh Chase,Suzanne Pleshette,Miyu Irino,Rumi Hiiragi,","566,452",$10.06M
22,23,Saving Private Ryan,1998,"Drama, War",8.6,91,Steven Spielberg,"Following the Normandy Landings, a group of U.S. soldiers go behind enemy lines to retrieve a paratrooper whose brothers have been killed in action.","Tom Hanks,Matt Damon,Tom Sizemore,Edward Burns,","1,125,192",$216.54M
23,24,The Green Mile,1999,"Crime, Drama, Fantasy",8.6,61,Frank Darabont,"The lives of guards on Death Row are affected by one of their charges: a black man accused of child murder and rape, yet who has a mysterious gift.","Tom Hanks,Michael Clarke Duncan,David Morse,Bonnie Hunt,","1,030,308",$136.80M
24,25,Life Is Beautiful,1997,"Comedy, Drama, Romance",8.6,NaN,Roberto Benigni,"When an open-minded Jewish librarian and his son become victims of the Holocaust, he uses a perfect mixture of will, humor, and imagination to protect his son from the dangers around their camp.","Roberto Benigni,Nicoletta Braschi,Giorgio Cantarini,Giustino Durano,","560,569",$57.60M
25,26,Se7en,1995,"Crime, Drama, Mystery",8.6,65,David Fincher,"Two detectives, a rookie and a veteran, hunt a serial killer who uses the seven deadly sins as his motives.","Morgan Freeman,Brad Pitt,Kevin Spacey,Andrew Kevin Walker,","1,304,378",$100.13M
26,27,Léon: The Professional,1994,"Action, Crime, Drama",8.6,64,Luc Besson,"Mathilda, a 12-year-old girl, is reluctantly taken in by Léon, a professional assassin, after her family is murdered. Léon and Mathilda form an unusual relationship, as she becomes his protégée and learns the assassin's trade.","Jean Reno,Gary Oldman,Natalie Portman,Danny Aiello,","938,479",$19.50M
27,28,The Silence of the Lambs,1991,"Crime, Drama, Thriller",8.6,85,Jonathan Demme,"A young F.B.I. cadet must receive the help of an incarcerated and manipulative cannibal killer to help catch another serial killer, a madman who skins his victims.","Jodie Foster,Anthony Hopkins,Lawrence A. Bonney,Kasi Lemmons,","1,149,479",$130.74M
28,29,Star Wars: Episode IV - A New Hope,1977,"Action, Adventure, Fantasy",8.6,90,George Lucas,"Luke Skywalker joins forces with a Jedi Knight, a cocky pilot, a Wookiee and two droids to save the galaxy from the Empire's world-destroying battle station, while also attempting to rescue Princess Leia from the mysterious Darth Vader.","Mark Hamill,Harrison Ford,Carrie Fisher,Alec Guinness,","1,132,608",$322.74M
29,30,Seven Samurai,1954,"Adventure, Drama",8.6,98,Akira Kurosawa,A poor village under attack by bandits recruits seven unemployed samurai to help them defend themselves.,"Toshirô Mifune,Takashi Shimura,Keiko Tsushima,Yukiko Shimazaki,","287,829",$0.27M
30,31,It's a Wonderful Life,1946,"Drama, Family, Fantasy",8.6,89,Frank Capra,An angel is sent from Heaven to help a desperately frustrated businessman by showing him what life would have been like if he had never existed.,"James Stewart,Donna Reed,Lionel Barrymore,Thomas Mitchell,","361,550",NaN
31,32,Spider-Man: Into the Spider-Verse,2018,"Animation, Action, Adventure",8.5,87,Bob Persichetti,"Teen Miles Morales becomes Spider-Man of his reality, crossing his path with five counterparts from other dimensions to stop a threat for all realities.","Peter Ramsey,Rodney Rothman,Shameik Moore,Jake Johnson,Hailee Steinfeld,Mahershala Ali,","245,279",$190.24M
32,33,Avengers: Infinity War,2018,"Action, Adventure, Sci-Fi",8.5,68,Anthony Russo,The Avengers and their allies must be willing to sacrifice all in an attempt to defeat the powerful Thanos before his blitz of devastation and ruin puts an end to the universe.,"Joe Russo,Robert Downey Jr.,Chris Hemsworth,Mark Ruffalo,Chris Evans,","696,617",$678.82M
33,34,Whiplash,2014,"Drama, Music",8.5,88,Damien Chazelle,A promising young drummer enrolls at a cut-throat music conservatory where his dreams of greatness are mentored by an instructor who will stop at nothing to realize a student's potential.,"Miles Teller,J.K. Simmons,Melissa Benoist,Paul Reiser,","627,030",$13.09M
34,35,The Intouchables,2011,"Biography, Comedy, Drama",8.5,NaN,Olivier Nakache,"After he becomes a quadriplegic from a paragliding accident, an aristocrat hires a young man from the projects to be his caregiver.","Éric Toledano,François Cluzet,Omar Sy,Anne Le Ny,Audrey Fleurot,","686,006",$13.18M
35,36,The Prestige,2006,"Drama, Mystery, Sci-Fi",8.5,66,Christopher Nolan,"After a tragic accident, two stage magicians engage in a battle to create the ultimate illusion while sacrificing everything they have to outwit each other.","Christian Bale,Hugh Jackman,Scarlett Johansson,Michael Caine,","1,078,400",$53.09M
36,37,The Departed,2006,"Crime, Drama, Thriller",8.5,85,Martin Scorsese,An undercover cop and a mole in the police attempt to identify each other while infiltrating an Irish gang in South Boston.,"Leonardo DiCaprio,Matt Damon,Jack Nicholson,Mark Wahlberg,","1,087,774",$132.38M
37,38,The Pianist,2002,"Biography, Drama, Music",8.5,85,Roman Polanski,A Polish Jewish musician struggles to survive the destruction of the Warsaw ghetto of World War II.,"Adrien Brody,Thomas Kretschmann,Frank Finlay,Emilia Fox,","652,588",$32.57M
38,39,Gladiator,2000,"Action, Adventure, Drama",8.5,67,Ridley Scott,A former Roman General sets out to exact vengeance against the corrupt emperor who murdered his family and sent him into slavery.,"Russell Crowe,Joaquin Phoenix,Connie Nielsen,Oliver Reed,","1,226,236",$187.71M
39,40,American History X,1998,Drama,8.5,62,Tony Kaye,A former neo-nazi skinhead tries to prevent his younger brother from going down the same wrong path that he did.,"Edward Norton,Edward Furlong,Beverly D'Angelo,Jennifer Lien,","960,453",$6.72M
40,41,The Usual Suspects,1995,"Crime, Mystery, Thriller",8.5,77,Bryan Singer,"A sole survivor tells of the twisty events leading up to a horrific gun battle on a boat, which began when five criminals met at a seemingly random police lineup.","Kevin Spacey,Gabriel Byrne,Chazz Palminteri,Stephen Baldwin,","916,696",$23.34M
41,42,The Lion King,1994,"Animation, Adventure, Drama",8.5,88,Roger Allers,"A Lion cub crown prince is tricked by a treacherous uncle into thinking he caused his father's death and flees into exile in despair, only to learn in adulthood his identity and his responsibilities.","Rob Minkoff,Matthew Broderick,Jeremy Irons,James Earl Jones,Whoopi Goldberg,","855,013",$422.78M
42,43,Terminator 2: Judgment Day,1991,"Action, Sci-Fi",8.5,75,James Cameron,"A cyborg, identical to the one who failed to kill Sarah Connor, must now protect her teenage son, John Connor, from a more advanced and powerful cyborg.","Arnold Schwarzenegger,Linda Hamilton,Edward Furlong,Robert Patrick,","918,311",$204.84M
43,44,Cinema Paradiso,1988,Drama,8.5,80,Giuseppe Tornatore,A filmmaker recalls his childhood when falling in love with the pictures at the cinema of his home village and forms a deep friendship with the cinema's projectionist.,"Philippe Noiret,Enzo Cannavale,Antonella Attili,Isa Danieli,","204,741",$11.99M
44,45,Grave of the Fireflies,1988,"Animation, Drama, War",8.5,NaN,Isao Takahata,A young boy and his little sister struggle to survive in Japan during World War II.,"Tsutomu Tatsumi,Ayano Shiraishi,Akemi Yamaguchi,Yoshiko Shinohara,","200,732",NaN
45,46,Back to the Future,1985,"Adventure, Comedy, Sci-Fi",8.5,87,Robert Zemeckis,"Marty McFly, a 17-year-old high school student, is accidentally sent thirty years into the past in a time-traveling DeLorean invented by his close friend, the maverick scientist Doc Brown.","Michael J. Fox,Christopher Lloyd,Lea Thompson,Crispin Glover,","949,197",$210.61M
46,47,Once Upon a Time in the West,1968,Western,8.5,80,Sergio Leone,A mysterious stranger with a harmonica joins forces with a notorious desperado to protect a beautiful widow from a ruthless assassin working for the railroad.,"Henry Fonda,Charles Bronson,Claudia Cardinale,Jason Robards,","275,087",$5.32M
47,48,Psycho,1960,"Horror, Mystery, Thriller",8.5,97,Alfred Hitchcock,"A Phoenix secretary embezzles forty thousand dollars from her employer's client, goes on the run, and checks into a remote motel run by a young man under the domination of his mother.","Anthony Perkins,Janet Leigh,Vera Miles,John Gavin,","545,343",$32.00M
48,49,Rear Window,1954,"Mystery, Thriller",8.5,100,Alfred Hitchcock,A wheelchair-bound photographer spies on his neighbors from his apartment window and becomes convinced one of them has committed murder.,"James Stewart,Grace Kelly,Wendell Corey,Thelma Ritter,","404,253",$36.76M
49,50,Casablanca,1942,"Drama, Romance, War",8.5,100,Michael Curtiz,A cynical American expatriate struggles to decide whether or not he should help his former lover and her fugitive husband escape French Morocco.,"Humphrey Bogart,Ingrid Bergman,Paul Henreid,Claude Rains,","481,730",$1.02M
50,51,The Great Dictator,1940,"Comedy, Drama, War",8.5,NaN,Charles Chaplin,Dictator Adenoid Hynkel tries to expand his empire while a poor Jewish barber tries to avoid persecution from Hynkel's regime.,"Charles Chaplin,Paulette Goddard,Jack Oakie,Reginald Gardiner,","183,532",NaN
51,52,Modern Times,1936,"Comedy, Drama, Family",8.5,96,Charles Chaplin,The Tramp struggles to live in modern industrial society with the help of a young homeless woman.,"Charles Chaplin,Paulette Goddard,Henry Bergman,Tiny Sandford,","193,889",$0.16M
52,53,City Lights,1931,"Comedy, Drama, Romance",8.5,99,Charles Chaplin,"With the aid of a wealthy erratic tippler, a dewy-eyed tramp who has fallen in love with a sightless flower girl accumulates money to be able to help her medically.","Charles Chaplin,Virginia Cherrill,Florence Lee,Harry Myers,","149,953",$0.02M
53,54,Andhadhun,2018,"Crime, Thriller",8.4,NaN,Sriram Raghavan,A series of mysterious events change the life of a blind pianist who now must report a crime that was actually never witnessed by him.,"Ayushmann Khurrana,Tabu,Radhika Apte,Anil Dhawan,","46,893",$1.19M
54,55,Your Name.,2016,"Animation, Drama, Fantasy",8.4,79,Makoto Shinkai,"Two strangers find themselves linked in a bizarre way. When a connection forms, will distance be the only thing to keep them apart?","Ryûnosuke Kamiki,Mone Kamishiraishi,Ryô Narita,Aoi Yûki,","140,174",$5.02M
55,56,Dangal,2016,"Action, Biography, Drama",8.4,NaN,Nitesh Tiwari,Former wrestler Mahavir Singh Phogat and his two wrestler daughters struggle towards glory at the Commonwealth Games in the face of societal oppression.,"Aamir Khan,Sakshi Tanwar,Fatima Sana Shaikh,Sanya Malhotra,","127,026",$12.39M
56,57,Coco,I) (2017,"Animation, Adventure, Comedy",8.4,81,Lee Unkrich,"Aspiring musician Miguel, confronted with his family's ancestral ban on music, enters the Land of the Dead to find his great-great-grandfather, a legendary singer.","Adrian Molina,Anthony Gonzalez,Gael García Bernal,Benjamin Bratt,Alanna Ubach,","289,306",$209.73M
57,58,Django Unchained,2012,"Drama, Western",8.4,81,Quentin Tarantino,"With the help of a German bounty hunter, a freed slave sets out to rescue his wife from a brutal Mississippi plantation owner.","Jamie Foxx,Christoph Waltz,Leonardo DiCaprio,Kerry Washington,","1,226,830",$162.81M
58,59,The Dark Knight Rises,2012,"Action, Thriller",8.4,78,Christopher Nolan,"Eight years after the Joker's reign of anarchy, Batman, with the help of the enigmatic Catwoman, is forced from his exile to save Gotham City, now on the edge of total annihilation, from the brutal guerrilla terrorist Bane.","Christian Bale,Tom Hardy,Anne Hathaway,Gary Oldman,","1,400,669",$448.14M
59,60,3 Idiots,2009,"Comedy, Drama",8.4,67,Rajkumar Hirani,"Two friends are searching for their long lost companion. They revisit their college days and recall the memories of their friend who inspired them to think differently, even as the rest of the world called them ""idiots"".","Aamir Khan,Madhavan,Mona Singh,Sharman Joshi,","304,835",$6.53M
60,61,Taare Zameen Par,2007,"Drama, Family",8.4,NaN,Aamir Khan,"An eight-year-old boy is thought to be a lazy trouble-maker, until the new art teacher has the patience and compassion to discover the real problem behind his struggles in school.","Amole Gupte,Darsheel Safary,Aamir Khan,Tisca Chopra,Vipin Sharma,","145,189",$1.22M
61,62,WALL·E,2008,"Animation, Adventure, Family",8.4,95,Andrew Stanton,"In the distant future, a small waste-collecting robot inadvertently embarks on a space journey that will ultimately decide the fate of mankind.","Ben Burtt,Elissa Knight,Jeff Garlin,Fred Willard,","917,587",$223.81M
62,63,The Lives of Others,2006,"Drama, Thriller",8.4,89,Florian Henckel von Donnersmarck,"In 1984 East Berlin, an agent of the secret police, conducting surveillance on a writer and his lover, finds himself becoming increasingly absorbed by their lives.","Ulrich Mühe,Martina Gedeck,Sebastian Koch,Ulrich Tukur,","326,822",$11.29M
63,64,Oldboy,2003,"Action, Drama, Mystery",8.4,77,Chan-wook Park,"After being kidnapped and imprisoned for fifteen years, Oh Dae-Su is released, only to find that he must find his captor in five days.","Min-sik Choi,Ji-tae Yu,Hye-jeong Kang,Dae-han Ji,","464,555",$0.71M
64,65,Memento,2000,"Mystery, Thriller",8.4,80,Christopher Nolan,A man with short-term memory loss attempts to track down his wife's murderer.,"Guy Pearce,Carrie-Anne Moss,Joe Pantoliano,Mark Boone Junior,","1,040,132",$25.54M
65,66,Princess Mononoke,1997,"Animation, Adventure, Fantasy",8.4,76,Hayao Miyazaki,"On a journey to find the cure for a Tatarigami's curse, Ashitaka finds himself in the middle of a war between the forest gods and Tatara, a mining colony. In this quest he also meets San, the Mononoke Hime.","Yôji Matsuda,Yuriko Ishida,Yûko Tanaka,Billy Crudup,","298,887",$2.38M
66,67,Aliens,1986,"Action, Adventure, Sci-Fi",8.4,84,James Cameron,"Ellen Ripley is rescued by a deep salvage team after being in hypersleep for 57 years. The moon that the Nostromo visited has been colonized, but contact is lost. This time, colonial marines have impressive firepower, but will that be enough?","Sigourney Weaver,Michael Biehn,Carrie Henn,Paul Reiser,","606,761",$85.16M
67,68,Once Upon a Time in America,1984,"Crime, Drama",8.4,NaN,Sergio Leone,"A former Prohibition-era Jewish gangster returns to the Lower East Side of Manhattan over thirty years later, where he once again must confront the ghosts and regrets of his old life.","Robert De Niro,James Woods,Elizabeth McGovern,Treat Williams,","281,308",$5.32M
68,69,Raiders of the Lost Ark,1981,"Action, Adventure",8.4,85,Steven Spielberg,"In 1936, archaeologist and adventurer Indiana Jones is hired by the U.S. government to find the Ark of the Covenant before Adolf Hitler's Nazis can obtain its awesome powers.","Harrison Ford,Karen Allen,Paul Freeman,John Rhys-Davies,","821,511",$248.16M
69,70,The Shining,1980,"Drama, Horror",8.4,66,Stanley Kubrick,"A family heads to an isolated hotel for the winter where a sinister presence influences the father into violence, while his psychic son sees horrific forebodings from both past and future.","Jack Nicholson,Shelley Duvall,Danny Lloyd,Scatman Crothers,","792,780",$44.02M
70,71,Apocalypse Now,1979,"Drama, War",8.4,94,Francis Ford Coppola,A U.S. Army officer serving in Vietnam is tasked with assassinating a renegade Special Forces Colonel who sees himself as a god.,"Martin Sheen,Marlon Brando,Robert Duvall,Frederic Forrest,","555,214",$83.47M
71,72,Alien,1979,"Horror, Sci-Fi",8.4,89,Ridley Scott,"After a space merchant vessel perceives an unknown transmission as a distress call, its landing on the source moon finds one of the crew attacked by a mysterious lifeform, and they soon realize that its life cycle has merely begun.","Sigourney Weaver,Tom Skerritt,John Hurt,Veronica Cartwright,","722,514",$78.90M
72,73,Dr. Strangelove or: How I Learned to Stop Worrying and Love the Bomb,1964,Comedy,8.4,97,Stanley Kubrick,An insane general triggers a path to nuclear holocaust that a War Room full of politicians and generals frantically tries to stop.,"Peter Sellers,George C. Scott,Sterling Hayden,Keenan Wynn,","418,937",$0.28M
73,74,Witness for the Prosecution,1957,"Crime, Drama, Mystery",8.4,NaN,Billy Wilder,A veteran British barrister must defend his client in a murder trial that has surprise after surprise.,"Tyrone Power,Marlene Dietrich,Charles Laughton,Elsa Lanchester,","94,347",$8.18M
74,75,Paths of Glory,1957,"Drama, War",8.4,NaN,Stanley Kubrick,"After refusing to attack an enemy position, a general accuses the soldiers of cowardice and their commanding officer must defend them.","Kirk Douglas,Ralph Meeker,Adolphe Menjou,George Macready,","159,257",NaN
75,76,Sunset Blvd.,1950,"Drama, Film-Noir",8.4,NaN,Billy Wilder,A screenwriter develops a dangerous relationship with a faded film star determined to make a triumphant return.,"William Holden,Gloria Swanson,Erich von Stroheim,Nancy Olson,","181,941",NaN
76,77,Once Upon a Time ... in Hollywood,2019,"Comedy, Drama",8.3,84,Quentin Tarantino,A faded television actor and his stunt double strive to achieve fame and success in the film industry during the final years of Hollywood's Golden Age in 1969 Los Angeles.,"Leonardo DiCaprio,Brad Pitt,Margot Robbie,Emile Hirsch,","73,102",$106.75M
77,78,Drishyam,2015,"Crime, Drama, Mystery",8.3,NaN,Nishikant Kamat,"Desperate measures are taken by a man who tries to save his family from the dark side of the law, after they commit an unexpected crime.","Ajay Devgn,Shriya Saran,Tabu,Rajat Kapoor,","56,305",$0.74M
78,79,The Hunt,2012,Drama,8.3,77,Thomas Vinterberg,"A teacher lives a lonely life, all the while struggling over his son's custody. His life slowly gets better as he finds love and receives good news from his son, but his new luck is about to be brutally shattered by an innocent little lie.","Mads Mikkelsen,Thomas Bo Larsen,Annika Wedderkopp,Lasse Fogelstrøm,","245,880",$0.69M
79,80,A Separation,2011,"Drama, Thriller",8.3,95,Asghar Farhadi,A married couple are faced with a difficult decision - to improve the life of their child by moving to another country or to stay in Iran and look after a deteriorating parent who has Alzheimer's disease.,"Payman Maadi,Leila Hatami,Sareh Bayat,Shahab Hosseini,","199,950",$7.10M
80,81,Incendies,2010,"Drama, Mystery, War",8.3,80,Denis Villeneuve,Twins journey to the Middle East to discover their family history and fulfill their mother's last wishes.,"Lubna Azabal,Mélissa Désormeaux-Poulin,Maxim Gaudette,Mustafa Kamel,","126,330",$6.86M
81,82,My Father and My Son,2005,"Drama, Family",8.3,NaN,Çagan Irmak,The family of a left-wing journalist is torn apart after a military coup in 1980's Turkey.,"Çetin Tekindor,Fikret Kuskan,Hümeyra,Ege Tanman,","68,998",NaN
82,83,Toy Story 3,2010,"Animation, Adventure, Comedy",8.3,92,Lee Unkrich,"The toys are mistakenly delivered to a day-care center instead of the attic right before Andy leaves for college, and it's up to Woody to convince the other toys that they weren't abandoned and to return home.","Tom Hanks,Tim Allen,Joan Cusack,Ned Beatty,","695,702",$415.00M
83,84,Inglourious Basterds,2009,"Adventure, Drama, War",8.3,69,Quentin Tarantino,"In Nazi-occupied France during World War II, a plan to assassinate Nazi leaders by a group of Jewish U.S. soldiers coincides with a theatre owner's vengeful plans for the same.","Brad Pitt,Diane Kruger,Eli Roth,Mélanie Laurent,","1,136,956",$120.54M
84,85,Eternal Sunshine of the Spotless Mind,2004,"Drama, Romance, Sci-Fi",8.3,89,Michel Gondry,"When their relationship turns sour, a couple undergoes a medical procedure to have each other erased from their memories.","Jim Carrey,Kate Winslet,Tom Wilkinson,Gerry Robert Byrne,","833,592",$34.40M
85,86,Amélie,2001,"Comedy, Romance",8.3,69,Jean-Pierre Jeunet,"Amélie is an innocent and naive girl in Paris with her own sense of justice. She decides to help those around her and, along the way, discovers love.","Audrey Tautou,Mathieu Kassovitz,Rufus,Lorella Cravotta,","657,891",$33.23M
86,87,Snatch,2000,"Comedy, Crime",8.3,NaN,Guy Ritchie,"Unscrupulous boxing promoters, violent bookmakers, a Russian gangster, incompetent amateur robbers and supposedly Jewish jewelers fight to track down a priceless stolen diamond.","Jason Statham,Brad Pitt,Benicio Del Toro,Dennis Farina,","725,534",$30.33M
87,88,Requiem for a Dream,2000,Drama,8.3,68,Darren Aronofsky,The drug-induced utopias of four Coney Island people are shattered when their addictions run deep.,"Ellen Burstyn,Jared Leto,Jennifer Connelly,Marlon Wayans,","707,169",$3.64M
88,89,American Beauty,1999,Drama,8.3,86,Sam Mendes,A sexually frustrated suburban father has a mid-life crisis after becoming infatuated with his daughter's best friend.,"Kevin Spacey,Annette Bening,Thora Birch,Wes Bentley,","998,341",$130.10M
89,90,Good Will Hunting,1997,"Drama, Romance",8.3,70,Gus Van Sant,"Will Hunting, a janitor at M.I.T., has a gift for mathematics, but needs help from a psychologist to find direction in his life.","Robin Williams,Matt Damon,Ben Affleck,Stellan Skarsgård,","777,000",$138.43M
90,91,Children of Heaven,1997,"Drama, Family",8.3,NaN,Majid Majidi,"After a boy loses his sister's pair of shoes, he goes on a series of adventures in order to find them. When he can't, he tries a new way to ""win"" a new pair.","Mohammad Amir Naji,Amir Farrokh Hashemian,Bahare Seddiqi,Nafise Jafar-Mohammadi,","54,793",$0.93M
91,92,The Bandit,1996,"Crime, Drama, Thriller",8.3,NaN,Yavuz Turgul,"Baran the Bandit, released from prison after 35 years searches for vengeance and his lover.","Sener Sen,Ugur Yücel,Sermin Hürmeriç,Yesim Salkim,","56,217",NaN
92,93,Toy Story,1995,"Animation, Adventure, Comedy",8.3,95,John Lasseter,A cowboy doll is profoundly threatened and jealous when a new spaceman figure supplants him as top toy in a boy's room.,"Tom Hanks,Tim Allen,Don Rickles,Jim Varney,","808,839",$191.80M
93,94,Braveheart,1995,"Biography, Drama, History",8.3,68,Mel Gibson,"When his secret bride is executed for assaulting an English soldier who tried to rape her, William Wallace begins a revolt against King Edward I of England.","Mel Gibson,Sophie Marceau,Patrick McGoohan,Angus Macfadyen,","898,854",$75.60M
94,95,Reservoir Dogs,1992,"Crime, Drama, Thriller",8.3,79,Quentin Tarantino,"When a simple jewelry heist goes horribly wrong, the surviving criminals begin to suspect that one of them is a police informant.","Harvey Keitel,Tim Roth,Michael Madsen,Chris Penn,","836,707",$2.83M
95,96,Full Metal Jacket,1987,"Drama, War",8.3,76,Stanley Kubrick,A pragmatic U.S. Marine observes the dehumanizing effects the Vietnam War has on his fellow recruits from their brutal boot camp training to the bloody street fighting in Hue.,"Matthew Modine,R. Lee Ermey,Vincent D'Onofrio,Adam Baldwin,","616,981",$46.36M
96,97,Come and See,1985,"Drama, War",8.3,NaN,Elem Klimov,"After finding an old rifle, a young boy joins the Soviet resistance movement against ruthless German forces and experiences the horrors of World War II.","Aleksey Kravchenko,Olga Mironova,Liubomiras Laucevicius,Vladas Bagdonas,","44,430",NaN
97,98,Amadeus,1984,"Biography, Drama, History",8.3,88,Milos Forman,"The life, success and troubles of Wolfgang Amadeus Mozart, as told by Antonio Salieri, the contemporaneous composer who was insanely jealous of Mozart's talent and claimed to have murdered him.","F. Murray Abraham,Tom Hulce,Elizabeth Berridge,Roy Dotrice,","340,731",$51.97M
98,99,Scarface,1983,"Crime, Drama",8.3,65,Brian De Palma,"In Miami in 1980, a determined Cuban immigrant takes over a drug cartel and succumbs to greed.","Al Pacino,Michelle Pfeiffer,Steven Bauer,Mary Elizabeth Mastrantonio,","672,385",$45.60M
99,100,Star Wars: Episode VI - Return of the Jedi,1983,"Action, Adventure, Fantasy",8.3,NaN,Richard Marquand,"After a daring mission to rescue Han Solo from Jabba the Hutt, the Rebels dispatch to Endor to destroy the second Death Star. Meanwhile, Luke struggles to help Darth Vader back from the dark side without falling into the Emperor's trap.","Mark Hamill,Harrison Ford,Carrie Fisher,Billy Dee Williams,","870,794",$309.13M
100,101,Das Boot,1981,"Adventure, Drama, Thriller",8.3,86,Wolfgang Petersen,"The claustrophobic world of a WWII German U-boat; boredom, filth and sheer terror.","Jürgen Prochnow,Herbert Grönemeyer,Klaus Wennemann,Hubertus Bengsch,","212,824",$11.49M
101,102,Taxi Driver,1976,"Crime, Drama",8.3,94,Martin Scorsese,"A mentally unstable veteran works as a nighttime taxi driver in New York City, where the perceived decadence and sleaze fuels his urge for violent action by attempting to liberate a presidential campaign worker and an underage prostitute.","Robert De Niro,Jodie Foster,Cybill Shepherd,Albert Brooks,","645,193",$28.26M
102,103,The Sting,1973,"Comedy, Crime, Drama",8.3,83,George Roy Hill,Two grifters team up to pull off the ultimate con.,"Paul Newman,Robert Redford,Robert Shaw,Charles Durning,","222,779",$159.60M
103,104,A Clockwork Orange,1971,"Crime, Drama, Sci-Fi",8.3,80,Stanley Kubrick,"In the future, a sadistic gang leader is imprisoned and volunteers for a conduct-aversion experiment, but it doesn't go as planned.","Malcolm McDowell,Patrick Magee,Michael Bates,Warren Clarke,","697,213",NaN
104,105,2001: A Space Odyssey,1968,"Adventure, Sci-Fi",8.3,82,Stanley Kubrick,"After discovering a mysterious artifact buried beneath the Lunar surface, mankind sets off on a quest to find its origins with help from intelligent supercomputer H.A.L. 9000.","Keir Dullea,Gary Lockwood,William Sylvester,Daniel Richter,","549,245",$56.95M
105,106,For a Few Dollars More,1965,Western,8.3,74,Sergio Leone,Two bounty hunters with the same intentions team up to track down a Western outlaw.,"Clint Eastwood,Lee Van Cleef,Gian Maria Volontè,Mario Brega,","209,418",$15.00M
106,107,To Kill a Mockingbird,1962,"Crime, Drama",8.3,88,Robert Mulligan,"Atticus Finch, a lawyer in the Depression-era South, defends a black man against an undeserved rape charge, and his children against prejudice.","Gregory Peck,John Megna,Frank Overton,Rosemary Murphy,","275,197",NaN
107,108,Lawrence of Arabia,1962,"Adventure, Biography, Drama",8.3,100,David Lean,"The story of T.E. Lawrence, the English officer who successfully united and led the diverse, often warring, Arab tribes during World War I in order to fight the Turks.","Peter O'Toole,Alec Guinness,Anthony Quinn,Jack Hawkins,","245,569",$44.82M
108,109,The Apartment,1960,"Comedy, Drama, Romance",8.3,94,Billy Wilder,"A man tries to rise in his company by letting its executives use his apartment for trysts, but complications and a romance of his own ensue.","Jack Lemmon,Shirley MacLaine,Fred MacMurray,Ray Walston,","146,391",$18.60M
109,110,North by Northwest,1959,"Adventure, Mystery, Thriller",8.3,98,Alfred Hitchcock,A New York City advertising executive goes on the run after being mistaken for a government agent by a group of foreign spies.,"Cary Grant,Eva Marie Saint,James Mason,Jessie Royce Landis,","275,180",$13.28M
110,111,Vertigo,1958,"Mystery, Romance, Thriller",8.3,100,Alfred Hitchcock,A former police detective juggles wrestling with his personal demons and becoming obsessed with a hauntingly beautiful woman.,"James Stewart,Kim Novak,Barbara Bel Geddes,Tom Helmore,","324,834",$3.20M
111,112,Singin' in the Rain,1952,"Comedy, Musical, Romance",8.3,99,Stanley Donen,A silent film production company and cast make a difficult transition to sound.,"Gene Kelly,Gene Kelly,Donald O'Connor,Debbie Reynolds,Jean Hagen,","199,726",$8.82M
112,113,Ikiru,1952,Drama,8.3,NaN,Akira Kurosawa,A bureaucrat tries to find a meaning in his life after he discovers he has terminal cancer.,"Takashi Shimura,Nobuo Kaneko,Shin'ichi Himori,Haruo Tanaka,","59,445",$0.06M
113,114,Bicycle Thieves,1948,Drama,8.3,NaN,Vittorio De Sica,"In post-war Italy, a working-class man's bicycle is stolen. He and his son set out to find it.","Lamberto Maggiorani,Enzo Staiola,Lianella Carell,Elena Altieri,","129,800",$0.33M
114,115,Double Indemnity,1944,"Crime, Drama, Film-Noir",8.3,95,Billy Wilder,An insurance representative lets himself be talked into a murder/insurance fraud scheme that arouses the suspicion of an insurance investigator.,"Fred MacMurray,Barbara Stanwyck,Edward G. Robinson,Byron Barr,","130,061",$5.72M
115,116,Citizen Kane,1941,"Drama, Mystery",8.3,100,Orson Welles,"Following the death of publishing tycoon, Charles Foster Kane, reporters scramble to uncover the meaning of his final utterance; 'Rosebud'.","Orson Welles,Joseph Cotten,Dorothy Comingore,Agnes Moorehead,","367,327",$1.59M
116,117,M,1931,"Crime, Mystery, Thriller",8.3,NaN,Fritz Lang,"When the police in a German city are unable to catch a child-murderer, other criminals join in the manhunt.","Peter Lorre,Ellen Widmann,Inge Landgut,Otto Wernicke,","129,973",$0.03M
117,118,Metropolis,1927,"Drama, Sci-Fi",8.3,98,Fritz Lang,"In a futuristic city sharply divided between the working class and the city planners, the son of the city's mastermind falls in love with a working class prophet who predicts the coming of a savior to mediate their differences.","Brigitte Helm,Alfred Abel,Gustav Fröhlich,Rudolf Klein-Rogge,","146,147",$1.24M
118,119,The Kid,1921,"Comedy, Drama, Family",8.3,NaN,Charles Chaplin,"The Tramp cares for an abandoned child, but events put that relationship in jeopardy.","Charles Chaplin,Edna Purviance,Jackie Coogan,Carl Miller,","99,400",$5.45M
119,120,Green Book,2018,"Biography, Comedy, Drama",8.2,69,Peter Farrelly,A working-class Italian-American bouncer becomes the driver of an African-American classical pianist on a tour of venues through the 1960s American South.,"Viggo Mortensen,Mahershala Ali,Linda Cardellini,Sebastian Maniscalco,","229,945",$85.08M
120,121,"Three Billboards Outside Ebbing, Missouri",2017,"Crime, Drama",8.2,88,Martin McDonagh,A mother personally challenges the local authorities to solve her daughter's murder when they fail to catch the culprit.,"Frances McDormand,Woody Harrelson,Sam Rockwell,Caleb Landry Jones,","354,080",$54.51M
121,122,Room,I) (2015,"Drama, Thriller",8.2,86,Lenny Abrahamson,"Held captive for 7 years in an enclosed space, a woman and her young son finally gain their freedom, allowing the boy to experience the outside world for the first time.","Brie Larson,Jacob Tremblay,Sean Bridgers,Wendy Crewson,","322,301",$14.68M
122,123,Winter Sleep,2014,Drama,8.2,88,Nuri Bilge Ceylan,A hotel owner and landlord in a remote Turkish village deals with conflicts within his family and a tenant behind on his rent.,"Haluk Bilginer,Melisa Sözen,Demet Akbag,Ayberk Pekcan,","37,719",$0.17M
123,124,PK,2014,"Comedy, Drama, Fantasy",8.2,NaN,Rajkumar Hirani,An alien on Earth loses the only device he can use to communicate with his spaceship. His innocent nature and child-like questions force the country to evaluate the impact of religion on its people.,"Aamir Khan,Anushka Sharma,Sanjay Dutt,Boman Irani,","140,123",$10.62M
124,125,Inside Out,I) (2015,"Animation, Adventure, Comedy",8.2,94,Pete Docter,"After young Riley is uprooted from her Midwest life and moved to San Francisco, her emotions - Joy, Fear, Anger, Disgust and Sadness - conflict on how best to navigate a new city, house, and school.","Ronnie Del Carmen,Amy Poehler,Bill Hader,Lewis Black,Mindy Kaling,","545,201",$356.46M
125,126,Toy Story 4,2019,"Animation, Adventure, Comedy",8.2,84,Josh Cooley,"When a new toy called ""Forky"" joins Woody and the gang, a road trip alongside old and new friends reveals how big the world can be for a toy.","Tom Hanks,Tim Allen,Annie Potts,Tony Hale,","81,962",$422.26M
126,127,Gangs of Wasseypur,2012,"Action, Comedy, Crime",8.2,89,Anurag Kashyap,"A clash between Sultan and Shahid Khan leads to the expulsion of Khan from Wasseypur, and ignites a deadly blood feud spanning three generations.","Manoj Bajpayee,Richa Chadha,Nawazuddin Siddiqui,Tigmanshu Dhulia,","70,025",NaN
127,128,The Secret in Their Eyes,2009,"Drama, Mystery, Romance",8.2,80,Juan José Campanella,A retired legal counselor writes a novel hoping to find closure for one of his past unresolved homicide cases and for his unreciprocated love with his superior - both of which still haunt him decades later.,"Ricardo Darín,Soledad Villamil,Pablo Rago,Carla Quevedo,","174,836",$6.39M
128,129,Warrior,2011,"Drama, Sport",8.2,71,Gavin O'Connor,"The youngest son of an alcoholic former boxer returns home, where he's trained by his father for competition in a mixed martial arts tournament - a path that puts the fighter on a collision course with his estranged, older brother.","Tom Hardy,Nick Nolte,Joel Edgerton,Jennifer Morrison,","406,790",$13.66M
129,130,A Wednesday,2008,"Crime, Drama, Mystery",8.2,NaN,Neeraj Pandey,A retiring police officer reminisces about the most astounding day of his career. About a case that was never filed but continues to haunt him in his memories - the case of a man and a Wednesday.,"Anupam Kher,Naseeruddin Shah,Jimmy Sheirgill,Deepal Shaw,","68,412",NaN
130,131,Up,2009,"Animation, Adventure, Comedy",8.2,88,Pete Docter,"Seventy-eight year old Carl Fredricksen travels to Paradise Falls in his home equipped with balloons, inadvertently taking a young stowaway.","Bob Peterson,Edward Asner,Jordan Nagai,John Ratzenberger,Christopher Plummer,","856,695",$293.00M
131,132,The Wolf of Wall Street,2013,"Biography, Crime, Drama",8.2,75,Martin Scorsese,"Based on the true story of Jordan Belfort, from his rise to a wealthy stock-broker living the high life to his fall involving crime, corruption and the federal government.","Leonardo DiCaprio,Jonah Hill,Margot Robbie,Matthew McConaughey,","1,049,536",$116.90M
132,133,Chak de! India,2007,"Drama, Family, Sport",8.2,68,Shimit Amin,Kabir Khan is the coach of the Indian Women's National Hockey Team and his dream is to make his all girls team emerge victorious against all odds.,"Shah Rukh Khan,Vidya Malvade,Sagarika Ghatge,Shilpa Shukla,","67,175",$1.11M
133,134,Pan's Labyrinth,2006,"Drama, Fantasy, War",8.2,98,Guillermo del Toro,"In the Falangist Spain of 1944, the bookish young stepdaughter of a sadistic army officer escapes into an eerie but captivating fantasy world.","Ivana Baquero,Ariadna Gil,Sergi López,Maribel Verdú,","577,202",$37.63M
134,135,V for Vendetta,2005,"Action, Drama, Sci-Fi",8.2,62,James McTeigue,"In a future British tyranny, a shadowy freedom fighter, known only by the alias of ""V"", plots to overthrow it with the help of a young woman.","Hugo Weaving,Natalie Portman,Rupert Graves,Stephen Rea,","960,055",$70.51M
135,136,Rang De Basanti,2006,"Comedy, Drama",8.2,NaN,Rakeysh Omprakash Mehra,"The story of six young Indians who assist an English woman to film a documentary on the freedom fighters from their past, and the events that lead them to relive the long-forgotten saga of freedom.","Aamir Khan,Soha Ali Khan,Siddharth,Sharman Joshi,","101,681",$2.20M
136,137,Munna Bhai M.B.B.S.,2003,"Comedy, Drama, Musical",8.2,NaN,Rajkumar Hirani,A gangster sets out to fulfill his father's dream of becoming a doctor.,"Sanjay Dutt,Arshad Warsi,Gracy Singh,Sunil Dutt,","65,403",NaN
137,138,Batman Begins,2005,"Action, Adventure",8.2,70,Christopher Nolan,"After training with his mentor, Batman begins his fight to free crime-ridden Gotham City from corruption.","Christian Bale,Michael Caine,Ken Watanabe,Liam Neeson,","1,206,230",$206.85M
138,139,Swades,2004,Drama,8.2,NaN,Ashutosh Gowariker,A successful Indian scientist returns to an Indian village to take his nanny to America with him and in the process rediscovers his roots.,"Shah Rukh Khan,Gayatri Joshi,Kishori Ballal,Smit Sheth,","75,127",$1.22M
139,140,Downfall,2004,"Biography, Drama, History",8.2,82,Oliver Hirschbiegel,"Traudl Junge, the final secretary for Adolf Hitler, tells of the Nazi dictator's final days in his Berlin bunker at the end of WWII.","Bruno Ganz,Alexandra Maria Lara,Ulrich Matthes,Juliane Köhler,","308,659",$5.51M
140,141,Howl's Moving Castle,2004,"Animation, Adventure, Family",8.2,80,Hayao Miyazaki,"When an unconfident young woman is cursed with an old body by a spiteful witch, her only chance of breaking the spell lies with a self-indulgent yet insecure young wizard and his companions in his legged, walking castle.","Chieko Baishô,Takuya Kimura,Tatsuya Gashûin,Akihiro Miwa,","286,602",$4.71M
141,142,Dil Chahta Hai,2001,"Comedy, Drama, Romance",8.2,NaN,Farhan Akhtar,"Three inseparable childhood friends are just out of college. Nothing comes between them - until they each fall in love, and their wildly different approaches to relationships creates tension.","Aamir Khan,Saif Ali Khan,Akshaye Khanna,Preity Zinta,","61,459",$0.30M
142,143,A Beautiful Mind,2001,"Biography, Drama",8.2,72,Ron Howard,"After John Nash, a brilliant but asocial mathematician, accepts secret work in cryptography, his life takes a turn for the nightmarish.","Russell Crowe,Ed Harris,Jennifer Connelly,Christopher Plummer,","778,647",$170.74M
143,144,Neon Genesis Evangelion: The End of Evangelion,1997,"Animation, Action, Drama",8.2,NaN,Hideaki Anno,Concurrent theatrical ending of the TV series Neon Genesis Evangelion (1995).,"Kazuya Tsurumaki,Megumi Ogata,Megumi Hayashibara,Yûko Miyamura,Kotono Mitsuishi,","29,719",NaN
144,145,Lagaan: Once Upon a Time in India,2001,"Adventure, Drama, Musical",8.2,84,Ashutosh Gowariker,The people of a small village in Victorian India stake their future on a game of cricket against their ruthless British rulers.,"Aamir Khan,Raghuvir Yadav,Gracy Singh,Rachel Shelley,","93,813",$0.07M
145,146,"Lock, Stock and Two Smoking Barrels",1998,"Comedy, Crime",8.2,66,Guy Ritchie,"A botched card game in London triggers four friends, thugs, weed-growers, hard gangsters, loan sharks and debt collectors to collide with each other in a series of unexpected events, all for the sake of weed, cash and two antique shotguns.","Jason Flemyng,Dexter Fletcher,Nick Moran,Jason Statham,","497,045",$3.90M
146,147,L.A. Confidential,1997,"Crime, Drama, Mystery",8.2,90,Curtis Hanson,"As corruption grows in 1950s Los Angeles, three policemen -- one strait-laced, one brutal, and one sleazy -- investigate a series of murders with their own brand of justice.","Kevin Spacey,Russell Crowe,Guy Pearce,Kim Basinger,","498,009",$64.62M
147,148,Heat,1995,"Crime, Drama, Thriller",8.2,76,Michael Mann,A group of professional bank robbers start to feel the heat from police when they unknowingly leave a clue at their latest heist.,"Al Pacino,Robert De Niro,Val Kilmer,Jon Voight,","528,865",$67.44M
148,149,Casino,1995,"Crime, Drama",8.2,73,Martin Scorsese,"A tale of greed, deception, money, power, and murder occur between two best friends: a mafia enforcer and a casino executive, compete against each other over a gambling empire, and over a fast living and fast loving socialite.","Robert De Niro,Sharon Stone,Joe Pesci,James Woods,","418,521",$42.44M
149,150,Unforgiven,1992,"Drama, Western",8.2,85,Clint Eastwood,"Retired Old West gunslinger William Munny reluctantly takes on one last job, with the help of his old partner and a young man.","Clint Eastwood,Gene Hackman,Morgan Freeman,Richard Harris,","345,184",$101.16M
150,151,Indiana Jones and the Last Crusade,1989,"Action, Adventure",8.2,65,Steven Spielberg,"In 1938, after his father Professor Henry Jones, Sr. goes missing while pursuing the Holy Grail, Professor Henry ""Indiana"" Jones, Jr. finds himself up against Adolf Hitler's Nazis again to stop them from obtaining its powers.","Harrison Ford,Sean Connery,Alison Doody,Denholm Elliott,","640,957",$197.17M
151,152,My Neighbor Totoro,1988,"Animation, Family, Fantasy",8.2,86,Hayao Miyazaki,"When two girls move to the country to be near their ailing mother, they have adventures with the wondrous forest spirits who live nearby.","Hitoshi Takagi,Noriko Hidaka,Chika Sakamoto,Shigesato Itoi,","242,319",NaN
152,153,Die Hard,1988,"Action, Thriller",8.2,72,John McTiernan,An NYPD officer tries to save his wife and several others taken hostage by German terrorists during a Christmas party at the Nakatomi Plaza in Los Angeles.,"Bruce Willis,Alan Rickman,Bonnie Bedelia,Reginald VelJohnson,","726,902",$83.01M
153,154,Ran,1985,"Action, Drama",8.2,96,Akira Kurosawa,"In Medieval Japan, an elderly warlord retires, handing over his empire to his three sons. However, he vastly underestimates how the new-found power will corrupt them and cause them to turn on each other...and him.","Tatsuya Nakadai,Akira Terao,Jinpachi Nezu,Daisuke Ryû,","100,666",$3.52M
154,155,Raging Bull,1980,"Biography, Drama, Sport",8.2,89,Martin Scorsese,"The life of boxer Jake LaMotta, whose violence and temper that lead him to the top in the ring destroyed his life outside of it.","Robert De Niro,Cathy Moriarty,Joe Pesci,Frank Vincent,","291,772",$23.38M
155,156,Stalker,1979,"Drama, Sci-Fi",8.2,NaN,Andrei Tarkovsky,A guide leads two men through an area known as the Zone to find a room that grants wishes.,"Alisa Freyndlikh,Aleksandr Kaydanovskiy,Anatoliy Solonitsyn,Nikolay Grinko,","99,726",$0.23M
156,157,Sholay,1975,"Action, Adventure, Comedy",8.2,NaN,Ramesh Sippy,"After his family is murdered by a notorious and ruthless bandit, a former police officer enlists the services of two outlaws to capture the bandit.","Sanjeev Kumar,Dharmendra,Amitabh Bachchan,Amjad Khan,","46,910",NaN
157,158,Monty Python and the Holy Grail,1975,"Adventure, Comedy, Fantasy",8.2,93,Terry Gilliam,"King Arthur and his Knights of the Round Table embark on a surreal, low-budget search for the Holy Grail, encountering many, very silly obstacles.","Terry Jones,Graham Chapman,John Cleese,Eric Idle,Terry Gilliam,","466,451",$1.23M
158,159,Chinatown,1974,"Drama, Mystery, Thriller",8.2,92,Roman Polanski,"A private detective hired to expose an adulterer finds himself caught up in a web of deceit, corruption, and murder.","Jack Nicholson,Faye Dunaway,John Huston,Perry Lopez,","268,650",$29.20M
159,160,Andrei Rublev,1966,"Biography, Drama, History",8.2,NaN,Andrei Tarkovsky,"The life, times and afflictions of the fifteenth-century Russian iconographer St. Andrei Rublev.","Anatoliy Solonitsyn,Ivan Lapikov,Nikolay Grinko,Nikolay Sergeev,","39,628",$0.10M
160,161,The Great Escape,1963,"Adventure, Drama, History",8.2,87,John Sturges,Allied prisoners of war plan for several hundred of their number to escape from a German camp during World War II.,"Steve McQueen,James Garner,Richard Attenborough,Charles Bronson,","206,748",$12.10M
161,162,The Exterminating Angel,1962,"Drama, Fantasy",8.2,NaN,Luis Buñuel,The guests at an upper-class dinner party find themselves unable to leave.,"Silvia Pinal,Jacqueline Andere,Enrique Rambal,José Baviera,","25,334",NaN
162,163,Yojimbo,1961,"Action, Comedy, Crime",8.2,NaN,Akira Kurosawa,A crafty ronin comes to a town divided by two criminal gangs and decides to play them against each other to free the town.,"Toshirô Mifune,Eijirô Tôno,Tatsuya Nakadai,Yôko Tsukasa,","99,634",NaN
163,164,Judgment at Nuremberg,1961,"Drama, War",8.2,NaN,Stanley Kramer,"In 1948, an American court in occupied Germany tries four Nazis judged for war crimes.","Spencer Tracy,Burt Lancaster,Richard Widmark,Marlene Dietrich,","62,542",NaN
164,165,Some Like It Hot,1959,"Comedy, Music, Romance",8.2,97,Billy Wilder,"When two male musicians witness a mob hit, they flee the state in an all-female band disguised as women, but further complications set in.","Marilyn Monroe,Tony Curtis,Jack Lemmon,George Raft,","223,408",$25.00M
165,166,Wild Strawberries,1957,"Drama, Romance",8.2,NaN,Ingmar Bergman,"After living a life marked by coldness, an aging professor is forced to confront the emptiness of his existence.","Victor Sjöström,Bibi Andersson,Ingrid Thulin,Gunnar Björnstrand,","85,303",NaN
166,167,The Seventh Seal,1957,"Drama, Fantasy",8.2,NaN,Ingmar Bergman,"A man seeks answers about life, death, and the existence of God as he plays chess against the Grim Reaper during the Black Plague.","Max von Sydow,Gunnar Björnstrand,Bengt Ekerot,Nils Poppe,","145,275",NaN
167,168,Dial M for Murder,1954,"Crime, Thriller",8.2,75,Alfred Hitchcock,A tennis player frames his unfaithful wife for first-degree murder after she inadvertently hinders his plan to kill her.,"Ray Milland,Grace Kelly,Robert Cummings,John Williams,","142,116",$0.01M
168,169,Tokyo Story,1953,Drama,8.2,NaN,Yasujirô Ozu,An old couple visit their children and grandchildren in the city; but the children have little time for them.,"Chishû Ryû,Chieko Higashiyama,Sô Yamamura,Setsuko Hara,","44,621",NaN
169,170,Rashomon,1950,"Crime, Drama, Mystery",8.2,NaN,Akira Kurosawa,"The rape of a bride and the murder of her samurai husband are recalled from the perspectives of a bandit, the bride, the samurai's ghost and a woodcutter.","Toshirô Mifune,Machiko Kyô,Masayuki Mori,Takashi Shimura,","137,170",$0.10M
170,171,All About Eve,1950,Drama,8.2,98,Joseph L. Mankiewicz,An ingénue insinuates herself into the lives of an established but aging stage actress and her circle of theater friends.,"Bette Davis,Anne Baxter,George Sanders,Celeste Holm,","110,641",$0.01M
171,172,The Treasure of the Sierra Madre,1948,"Adventure, Drama, Western",8.2,98,John Huston,"Fred Dobbs and Bob Curtin, two Americans searching for work in Mexico, convince an old prospector to help them mine for gold in the Sierra Madre Mountains.","Humphrey Bogart,Walter Huston,Tim Holt,Bruce Bennett,","104,568",$5.01M
172,173,The Passion of Joan of Arc,1928,"Biography, Drama, History",8.2,NaN,Carl Theodor Dreyer,"In 1431, Jeanne d'Arc is placed on trial on charges of heresy. The ecclesiastical jurists attempt to force Jeanne to recant her claims of holy visions.","Maria Falconetti,Eugene Silvain,André Berley,Maurice Schutz,","41,345",$0.02M
173,174,The Gold Rush,1925,"Adventure, Comedy, Drama",8.2,NaN,Charles Chaplin,A prospector goes to the Klondike in search of gold and finds it and more.,"Charles Chaplin,Mack Swain,Tom Murray,Henry Bergman,","90,530",$5.45M
174,175,Sherlock Jr.,1924,"Action, Comedy, Romance",8.2,NaN,Buster Keaton,"A film projectionist longs to be a detective, and puts his meagre skills to work when he is framed by a rival for stealing his girlfriend's father's pocketwatch.","Buster Keaton,Kathryn McGuire,Joe Keaton,Erwin Connelly,","33,911",$0.98M
175,176,The Handmaiden,2016,"Drama, Romance, Thriller",8.1,84,Chan-wook Park,"A woman is hired as a handmaiden to a Japanese heiress, but secretly she is involved in a plot to defraud her.","Min-hee Kim,Jung-woo Ha,Jin-Woong Cho,So-Ri Moon,","81,986",$2.01M
176,177,Logan,2017,"Action, Drama, Sci-Fi",8.1,77,James Mangold,"In a future where mutants are nearly extinct, an elderly and weary Logan leads a quiet life. But when Laura, a mutant child pursued by scientists, comes to him for help, he must get her to safety.","Hugh Jackman,Patrick Stewart,Dafne Keen,Boyd Holbrook,","571,910",$226.28M
177,178,Wild Tales,2014,"Comedy, Drama, Thriller",8.1,77,Damián Szifron,Six short stories that explore the extremities of human behavior involving people in distress.,"Darío Grandinetti,María Marull,Mónica Villa,Diego Starosta,","153,545",$3.11M
178,179,The Grand Budapest Hotel,2014,"Adventure, Comedy, Crime",8.1,88,Wes Anderson,"The adventures of Gustave H, a legendary concierge at a famous hotel from the fictional Republic of Zubrowka between the first and second World Wars, and Zero Moustafa, the lobby boy who becomes his most trusted friend.","Ralph Fiennes,F. Murray Abraham,Mathieu Amalric,Adrien Brody,","640,614",$59.10M
179,180,Gone Girl,2014,"Drama, Mystery, Thriller",8.1,79,David Fincher,"With his wife's disappearance having become the focus of an intense media circus, a man sees the spotlight turned on him when it's suspected that he may not be innocent.","Ben Affleck,Rosamund Pike,Neil Patrick Harris,Tyler Perry,","771,222",$167.77M
180,181,Hacksaw Ridge,2016,"Biography, Drama, History",8.1,71,Mel Gibson,"World War II American Army Medic Desmond T. Doss, who served during the Battle of Okinawa, refuses to kill people, and becomes the first man in American history to receive the Medal of Honor without firing a shot.","Andrew Garfield,Sam Worthington,Luke Bracey,Teresa Palmer,","373,837",$67.21M
181,182,12 Years a Slave,2013,"Biography, Drama, History",8.1,96,Steve McQueen,"In the antebellum United States, Solomon Northup, a free black man from upstate New York, is abducted and sold into slavery.","Chiwetel Ejiofor,Michael Kenneth Williams,Michael Fassbender,Brad Pitt,","583,229",$56.67M
182,183,Guardians of the Galaxy,2014,"Action, Adventure, Comedy",8.1,76,James Gunn,A group of intergalactic criminals must pull together to stop a fanatical warrior with plans to purge the universe.,"Chris Pratt,Vin Diesel,Bradley Cooper,Zoe Saldana,","963,853",$333.18M
183,184,Rush,I) (2013,"Action, Biography, Drama",8.1,75,Ron Howard,The merciless 1970s rivalry between Formula One rivals James Hunt and Niki Lauda.,"Daniel Brühl,Chris Hemsworth,Olivia Wilde,Alexandra Maria Lara,","397,362",$26.95M
184,185,Spotlight,I) (2015,"Biography, Crime, Drama",8.1,93,Tom McCarthy,"The true story of how the Boston Globe uncovered the massive scandal of child molestation and cover-up within the local Catholic Archdiocese, shaking the entire Catholic Church to its core.","Mark Ruffalo,Michael Keaton,Rachel McAdams,Liev Schreiber,","370,729",$45.06M
185,186,The Help,2011,Drama,8.1,62,Tate Taylor,"An aspiring author during the civil rights movement of the 1960s decides to write a book detailing the African American maids' point of view on the white families for which they work, and the hardships they go through on a daily basis.","Emma Stone,Viola Davis,Octavia Spencer,Bryce Dallas Howard,","396,163",$169.71M
186,187,Prisoners,2013,"Crime, Drama, Mystery",8.1,74,Denis Villeneuve,"When Keller Dover's daughter and her friend go missing, he takes matters into his own hands as the police pursue multiple leads and the pressure mounts.","Hugh Jackman,Jake Gyllenhaal,Viola Davis,Melissa Leo,","533,349",$61.00M
187,188,Mad Max: Fury Road,2015,"Action, Adventure, Sci-Fi",8.1,90,George Miller,"In a post-apocalyptic wasteland, a woman rebels against a tyrannical ruler in search for her homeland with the aid of a group of female prisoners, a psychotic worshiper, and a drifter named Max.","Tom Hardy,Charlize Theron,Nicholas Hoult,Zoë Kravitz,","790,447",$154.06M
188,189,Gran Torino,2008,Drama,8.1,72,Clint Eastwood,"Disgruntled Korean War veteran Walt Kowalski sets out to reform his neighbor, a Hmong teenager who tried to steal Kowalski's prized possession: a 1972 Gran Torino.","Clint Eastwood,Bee Vang,Christopher Carley,Ahney Her,","675,128",$148.10M
189,190,Harry Potter and the Deathly Hallows: Part 2,2011,"Adventure, Drama, Fantasy",8.1,87,David Yates,"Harry, Ron, and Hermione search for Voldemort's remaining Horcruxes in their effort to destroy the Dark Lord as the final battle rages on at Hogwarts.","Daniel Radcliffe,Emma Watson,Rupert Grint,Michael Gambon,","699,011",$381.01M
190,191,Shutter Island,2010,"Mystery, Thriller",8.1,63,Martin Scorsese,"In 1954, a U.S. Marshal investigates the disappearance of a murderer, who escaped from a hospital for the criminally insane.","Leonardo DiCaprio,Emily Mortimer,Mark Ruffalo,Ben Kingsley,","1,018,436",$128.01M
191,192,Hachi: A Dog's Tale,2009,"Drama, Family",8.1,NaN,Lasse Hallström,A college professor bonds with an abandoned dog he takes into his home.,"Richard Gere,Joan Allen,Cary-Hiroyuki Tagawa,Sarah Roemer,","226,344",NaN
192,193,Mary and Max,2009,"Animation, Comedy, Drama",8.1,NaN,Adam Elliot,"A tale of friendship between two unlikely pen pals: Mary, a lonely, eight-year-old girl living in the suburbs of Melbourne, and Max, a forty-four-year old, severely obese man living in New York.","Toni Collette,Philip Seymour Hoffman,Eric Bana,Barry Humphries,","152,312",NaN
193,194,How to Train Your Dragon,2010,"Animation, Action, Adventure",8.1,74,Dean DeBlois,"A hapless young Viking who aspires to hunt dragons becomes the unlikely friend of a young dragon himself, and learns there may be more to the creatures than he assumed.","Chris Sanders,Jay Baruchel,Gerard Butler,Christopher Mintz-Plasse,Craig Ferguson,","617,551",$217.58M
194,195,Into the Wild,2007,"Adventure, Biography, Drama",8.1,73,Sean Penn,"After graduating from Emory University, top student and athlete Christopher McCandless abandons his possessions, gives his entire $24,000 savings account to charity and hitchhikes to Alaska to live in the wilderness. Along the way, Christopher encounters a series of characters that shape his life.","Emile Hirsch,Vince Vaughn,Catherine Keener,Marcia Gay Harden,","528,688",$18.35M
195,196,No Country for Old Men,2007,"Crime, Drama, Thriller",8.1,91,Ethan Coen,Violence and mayhem ensue after a hunter stumbles upon a drug deal gone wrong and more than two million dollars in cash near the Rio Grande.,"Joel Coen,Tommy Lee Jones,Javier Bardem,Josh Brolin,Woody Harrelson,","775,322",$74.28M
196,197,There Will Be Blood,2007,Drama,8.1,93,Paul Thomas Anderson,"A story of family, religion, hatred, oil and madness, focusing on a turn-of-the-century prospector in the early days of the business.","Daniel Day-Lewis,Paul Dano,Ciarán Hinds,Martin Stringer,","468,464",$40.22M
197,198,Million Dollar Baby,2004,"Drama, Sport",8.1,86,Clint Eastwood,A determined woman works with a hardened boxing trainer to become a professional.,"Hilary Swank,Clint Eastwood,Morgan Freeman,Jay Baruchel,","591,100",$100.49M
198,199,Hotel Rwanda,2004,"Biography, Drama, History",8.1,79,Terry George,Paul Rusesabagina was a hotel manager who housed over a thousand Tutsi refugees during their struggle against the Hutu militia in Rwanda.,"Don Cheadle,Sophie Okonedo,Joaquin Phoenix,Xolani Mali,","315,604",$23.53M
199,200,Memories of Murder,2003,"Action, Crime, Drama",8.1,82,Joon-ho Bong,"In a small Korean province in 1986, three detectives struggle with the case of multiple young women being found raped and murdered by an unknown culprit.","Kang-ho Song,Sang-kyung Kim,Roe-ha Kim,Jae-ho Song,","103,333",$0.01M
200,201,Infernal Affairs,2002,"Crime, Drama, Mystery",8.1,75,Andrew Lau Wai-Keung,"A story between a mole in the police department and an undercover cop. Their objectives are the same: to find out who is the mole, and who is the cop.","Alan Mak,Andy Lau,Tony Chiu-Wai Leung,Anthony Chau-Sang Wong,Eric Tsang,","111,481",$0.17M
201,202,Kill Bill: Vol. 1,2003,"Action, Crime, Thriller",8.1,69,Quentin Tarantino,"After awakening from a four-year coma, a former assassin wreaks vengeance on the team of assassins who betrayed her.","Uma Thurman,David Carradine,Daryl Hannah,Michael Madsen,","916,840",$70.10M
202,203,Finding Nemo,2003,"Animation, Adventure, Comedy",8.1,90,Andrew Stanton,"After his son is captured in the Great Barrier Reef and taken to Sydney, a timid clownfish sets out on a journey to bring him home.","Lee Unkrich,Albert Brooks,Ellen DeGeneres,Alexander Gould,Willem Dafoe,","877,466",$380.84M
203,204,Catch Me If You Can,2002,"Biography, Crime, Drama",8.1,75,Steven Spielberg,"A seasoned FBI agent pursues Frank Abagnale Jr. who, before his 19th birthday, successfully forged millions of dollars' worth of checks while posing as a Pan Am pilot, a doctor, and a legal prosecutor.","Leonardo DiCaprio,Tom Hanks,Christopher Walken,Martin Sheen,","730,245",$164.62M
204,205,Amores Perros,2000,"Drama, Thriller",8.1,83,Alejandro G. Iñárritu,"A horrific car accident connects three stories, each involving characters dealing with loss, regret, and life's harsh realities, all in the name of love.","Emilio Echevarría,Gael García Bernal,Goya Toledo,Álvaro Guerrero,","208,486",$5.38M
205,206,The Sixth Sense,1999,"Drama, Mystery, Thriller",8.1,64,M. Night Shyamalan,A boy who communicates with spirits seeks the help of a disheartened child psychologist.,"Bruce Willis,Haley Joel Osment,Toni Collette,Olivia Williams,","852,067",$293.51M
206,207,The Legend of 1900,1998,"Drama, Music, Romance",8.1,NaN,Giuseppe Tornatore,"A baby boy, discovered in 1900 on an ocean liner, grows into a musical prodigy, never setting foot on land.","Tim Roth,Pruitt Taylor Vince,Mélanie Thierry,Bill Nunn,","52,528",$0.26M
207,208,The Truman Show,1998,"Comedy, Drama, Sci-Fi",8.1,90,Peter Weir,An insurance salesman discovers his whole life is actually a reality TV show.,"Jim Carrey,Ed Harris,Laura Linney,Noah Emmerich,","848,063",$125.62M
208,209,The Big Lebowski,1998,"Comedy, Crime",8.1,71,Joel Coen,"Jeff ""The Dude"" Lebowski, mistaken for a millionaire of the same name, seeks restitution for his ruined rug and enlists his bowling buddies to help get it.","Ethan Coen,Jeff Bridges,John Goodman,Julianne Moore,Steve Buscemi,","669,884",$17.50M
209,210,In the Mood for Love,2000,"Drama, Romance",8.1,85,Kar-Wai Wong,"Two neighbors, a woman and a man, form a strong bond after both suspect extramarital activities of their spouses. However, they agree to keep their bond platonic so as not to commit similar wrongs.","Tony Chiu-Wai Leung,Maggie Cheung,Ping Lam Siu,Tung Cho 'Joe' Cheung,","107,374",$2.73M
210,211,Trainspotting,1996,Drama,8.1,83,Danny Boyle,"Renton, deeply immersed in the Edinburgh drug scene, tries to clean up and get out, despite the allure of the drugs and influence of friends.","Ewan McGregor,Ewen Bremner,Jonny Lee Miller,Kevin McKidd,","594,002",$16.50M
211,212,Fargo,1996,"Crime, Drama, Thriller",8.1,85,Joel Coen,Jerry Lundegaard's inept crime falls apart due to his and his henchmen's bungling and the persistent police work of the quite pregnant Marge Gunderson.,"Ethan Coen,William H. Macy,Frances McDormand,Steve Buscemi,Peter Stormare,","567,062",$24.61M
212,213,La Haine,1995,"Crime, Drama",8.1,NaN,Mathieu Kassovitz,24 hours in the lives of three young men in the French suburbs the day after a violent riot.,"Vincent Cassel,Hubert Koundé,Saïd Taghmaoui,Abdel Ahmed Ghili,","133,235",$0.31M
213,214,Before Sunrise,1995,"Drama, Romance",8.1,77,Richard Linklater,"A young man and woman meet on a train in Europe, and wind up spending one evening together in Vienna. Unfortunately, both know that this will probably be their only night together.","Ethan Hawke,Julie Delpy,Andrea Eckert,Hanno Pöschl,","241,233",$5.54M
214,215,Jurassic Park,1993,"Action, Adventure, Sci-Fi",8.1,68,Steven Spielberg,"During a preview tour, a theme park suffers a major power breakdown that allows its cloned dinosaur exhibits to run amok.","Sam Neill,Laura Dern,Jeff Goldblum,Richard Attenborough,","791,668",$402.45M
215,216,In the Name of the Father,1993,"Biography, Drama",8.1,84,Jim Sheridan,A man's coerced confession to an IRA bombing he did not commit results in the imprisonment of his father as well. An English lawyer fights to free them.,"Daniel Day-Lewis,Pete Postlethwaite,Alison Crosbie,Philip King,","142,926",$25.01M
216,217,Dead Poets Society,1989,"Comedy, Drama",8.1,79,Peter Weir,English teacher John Keating inspires his students to look at poetry with a different perspective of authentic knowledge and feelings.,"Robin Williams,Robert Sean Leonard,Ethan Hawke,Josh Charles,","375,616",$95.86M
217,218,Akira,1988,"Animation, Drama, Sci-Fi",8.1,NaN,Katsuhiro Ôtomo,A secret military project endangers Neo-Tokyo when it turns a biker gang member into a rampaging psychic psychopath who can only be stopped by two teenagers and a group of psychics.,"Mitsuo Iwata,Nozomu Sasaki,Mami Koyama,Tesshô Genda,","142,751",$0.55M
218,219,The Princess Bride,1987,"Adventure, Family, Fantasy",8.1,77,Rob Reiner,"While home sick in bed, a young boy's grandfather reads him the story of a farmboy-turned-pirate who encounters numerous obstacles, enemies and allies in his quest to be reunited with his true love.","Cary Elwes,Mandy Patinkin,Robin Wright,Chris Sarandon,","362,999",$30.86M
219,220,Stand by Me,1986,"Adventure, Drama",8.1,75,Rob Reiner,"After the death of one of his friends, a writer recounts a boyhood journey with his friends to find the body of a missing boy.","Wil Wheaton,River Phoenix,Corey Feldman,Jerry O'Connell,","336,828",$52.29M
220,221,Platoon,1986,"Drama, War",8.1,92,Oliver Stone,A young soldier in Vietnam faces a moral crisis when confronted with the horrors of war and the duality of man.,"Charlie Sheen,Tom Berenger,Willem Dafoe,Keith David,","354,618",$138.53M
221,222,"Paris, Texas",1984,Drama,8.1,78,Wim Wenders,"Travis Henderson, an aimless drifter who has been missing for four years, wanders out of the desert and must reconnect with society, himself, his life, and his family.","Harry Dean Stanton,Nastassja Kinski,Dean Stockwell,Aurore Clément,","76,141",$2.18M
222,223,Nausicaä of the Valley of the Wind,1984,"Animation, Adventure, Fantasy",8.1,86,Hayao Miyazaki,Warrior and pacifist Princess Nausicaä desperately struggles to prevent two warring nations from destroying themselves and their dying planet.,"Sumi Shimamoto,Mahito Tsujimura,Hisako Kyôda,Gorô Naya,","129,766",$0.50M
223,224,The Thing,1982,"Horror, Mystery, Sci-Fi",8.1,NaN,John Carpenter,A research team in Antarctica is hunted by a shape-shifting alien that assumes the appearance of its victims.,"Kurt Russell,Wilford Brimley,Keith David,Richard Masur,","335,451",$13.78M
224,225,Blade Runner,1982,"Action, Sci-Fi, Thriller",8.1,89,Ridley Scott,"A blade runner must pursue and terminate four replicants who stole a ship in space, and have returned to Earth to find their creator.","Harrison Ford,Rutger Hauer,Sean Young,Edward James Olmos,","635,331",$32.87M
225,226,The Elephant Man,1980,"Biography, Drama",8.1,77,David Lynch,"A Victorian surgeon rescues a heavily disfigured man who is mistreated while scraping a living as a side-show freak. Behind his monstrous façade, there is revealed a person of kindness, intelligence and sophistication.","Anthony Hopkins,John Hurt,Anne Bancroft,John Gielgud,","202,227",NaN
226,227,Monty Python's Life of Brian,1979,Comedy,8.1,77,Terry Jones,"Born on the original Christmas in the stable next door to Jesus, Brian of Nazareth spends his life being mistaken for a messiah.","Graham Chapman,John Cleese,Michael Palin,Terry Gilliam,","338,035",$20.05M
227,228,The Deer Hunter,1978,"Drama, War",8.1,86,Michael Cimino,An in-depth examination of the ways in which the U.S. Vietnam War impacts and disrupts the lives of people in a small industrial town in Pennsylvania.,"Robert De Niro,Christopher Walken,John Cazale,John Savage,","286,867",$48.98M
228,229,Rocky,1976,"Drama, Sport",8.1,70,John G. Avildsen,A small-time boxer gets a supremely rare chance to fight a heavy-weight champion in a bout in which he strives to go the distance for his self-respect.,"Sylvester Stallone,Talia Shire,Burt Young,Carl Weathers,","477,656",$117.24M
229,230,Network,1976,Drama,8.1,83,Sidney Lumet,A television network cynically exploits a deranged former anchor's ravings and revelations about the news media for its own profit.,"Faye Dunaway,William Holden,Peter Finch,Robert Duvall,","132,785",NaN
230,231,Barry Lyndon,1975,"Adventure, Drama, History",8.1,89,Stanley Kubrick,An Irish rogue wins the heart of a rich widow and assumes her dead husband's aristocratic position in 18th-century England.,"Ryan O'Neal,Marisa Berenson,Patrick Magee,Hardy Krüger,","134,062",NaN
231,232,Cool Hand Luke,1967,"Crime, Drama",8.1,91,Stuart Rosenberg,"A laid back Southern man is sentenced to two years in a rural prison, but refuses to conform.","Paul Newman,George Kennedy,Strother Martin,J.D. Cannon,","150,160",NaN
232,233,Persona,1966,"Drama, Thriller",8.1,86,Ingmar Bergman,A nurse is put in charge of a mute actress and finds that their personae are melding together.,"Bibi Andersson,Liv Ullmann,Margaretha Krook,Gunnar Björnstrand,","88,414",NaN
233,234,The Battle of Algiers,1966,"Drama, War",8.1,95,Gillo Pontecorvo,"In the 1950s, fear and violence escalate as the people of Algiers fight for independence from the French government.","Brahim Hadjadj,Jean Martin,Yacef Saadi,Tommaso Neri,","47,425",$0.06M
234,235,The 400 Blows,1959,"Crime, Drama",8.1,NaN,François Truffaut,"A young boy, left without attention, delves into a life of petty crime.","Jean-Pierre Léaud,Albert Rémy,Claire Maurier,Guy Decomble,","93,350",NaN
235,236,Ben-Hur,1959,"Adventure, Drama, History",8.1,90,William Wyler,"When a Jewish prince is betrayed and sent into slavery by a Roman friend, he regains his freedom and comes back for revenge.","Charlton Heston,Jack Hawkins,Stephen Boyd,Haya Harareet,","203,298",$74.70M
236,237,The Bridge on the River Kwai,1957,"Adventure, Drama, War",8.1,87,David Lean,"After settling his differences with a Japanese P.O.W. camp commander, a British colonel co-operates to oversee his men's construction of a railway bridge for their captors, while oblivious to a plan by the Allies to destroy it.","William Holden,Alec Guinness,Jack Hawkins,Sessue Hayakawa,","187,822",$44.91M
237,238,On the Waterfront,1954,"Crime, Drama, Thriller",8.1,91,Elia Kazan,An ex-prize fighter turned longshoreman struggles to stand up to his corrupt union bosses.,"Marlon Brando,Karl Malden,Lee J. Cobb,Rod Steiger,","130,141",$9.60M
238,239,The Wages of Fear,1953,"Adventure, Drama, Thriller",8.1,NaN,Henri-Georges Clouzot,"In a decrepit South American village, four men are hired to transport an urgent nitroglycerine shipment without the equipment that would make it safe.","Yves Montand,Charles Vanel,Peter van Eyck,Folco Lulli,","48,830",NaN
239,240,The Third Man,1949,"Film-Noir, Mystery, Thriller",8.1,97,Carol Reed,"Pulp novelist Holly Martins travels to shadowy, postwar Vienna, only to find himself investigating the mysterious death of an old friend, Harry Lime.","Orson Welles,Joseph Cotten,Alida Valli,Trevor Howard,","146,621",$0.45M
240,241,Rebecca,1940,"Drama, Mystery, Romance",8.1,NaN,Alfred Hitchcock,A self-conscious woman juggles adjusting to her new role as an aristocrat's wife and avoiding being intimidated by his first wife's spectral presence.,"Laurence Olivier,Joan Fontaine,George Sanders,Judith Anderson,","111,946",$4.36M
241,242,Mr. Smith Goes to Washington,1939,"Comedy, Drama",8.1,73,Frank Capra,"A naive man is appointed to fill a vacancy in the United States Senate. His plans promptly collide with political corruption, but he doesn't back down.","James Stewart,Jean Arthur,Claude Rains,Edward Arnold,","99,155",$9.60M
242,243,Gone with the Wind,1939,"Drama, History, Romance",8.1,97,Victor Fleming,A manipulative woman and a roguish man conduct a turbulent romance during the American Civil War and Reconstruction periods.,"George Cukor,Sam Wood,Clark Gable,Vivien Leigh,Thomas Mitchell,Barbara O'Neil,","266,636",$198.68M
243,244,It Happened One Night,1934,"Comedy, Romance",8.1,87,Frank Capra,A spoiled heiress running away from her family is helped by a man who is actually a reporter in need of a story.,"Clark Gable,Claudette Colbert,Walter Connolly,Roscoe Karns,","85,641",$4.36M
244,245,Sunrise,1927,"Drama, Romance",8.1,NaN,F.W. Murnau,An allegorical tale about a man fighting the good and evil within him. Both sides are made flesh - one a sophisticated woman he is attracted to and the other his wife.,"George O'Brien,Janet Gaynor,Margaret Livingston,Bodil Rosing,","43,808",NaN
245,246,The General,1926,"Action, Adventure, Comedy",8.1,NaN,Clyde Bruckman,"When Union spies steal an engineer's beloved locomotive, he pursues it single-handedly and straight through enemy lines.","Buster Keaton,Buster Keaton,Marion Mack,Glen Cavender,Jim Farley,","72,540",NaN
246,247,Before Sunset,2004,"Drama, Romance",8.0,90,Richard Linklater,"Nine years after Jesse and Celine first met, they encounter each other again on the French leg of Jesse's book tour.","Ethan Hawke,Julie Delpy,Vernon Dobtcheff,Louise Lemoine Torrès,","210,771",$5.82M
247,248,"Monsters, Inc.",2001,"Animation, Adventure, Comedy",8.0,78,Pete Docter,"In order to power the city, monsters have to scare children so that they scream. However, the children are toxic to the monsters, and after a child gets through, 2 monsters realize things may not be what they think.","David Silverman,Lee Unkrich,Billy Crystal,John Goodman,Mary Gibbs,Steve Buscemi,","748,931",$289.92M
248,249,The Terminator,1984,"Action, Sci-Fi",8.0,84,James Cameron,"A seemingly indestructible robot is sent from 2029 to 1984 to assassinate a young waitress, whose unborn son will lead humanity in a war against sentient machines, while a human soldier from the same war is sent to protect her at all costs.","Arnold Schwarzenegger,Linda Hamilton,Michael Biehn,Paul Winfield,","737,440",$38.40M
249,250,Butch Cassidy and the Sundance Kid,1969,"Biography, Crime, Drama",8.0,66,George Roy Hill,"Wyoming, early 1900s. Butch Cassidy and The Sundance Kid are the leaders of a band of outlaws. After a train robbery goes wrong they find themselves on the run with a posse hard on their heels. Their solution - escape to Bolivia.","Paul Newman,Robert Redford,Katharine Ross,Strother Martin,","189,002",$102.31M
